,season,yr,mnth,holiday,weekday,workingday,weathersit,temp,atemp,hum,windspeed,cnt
0,1,0,1,0,6,0,2,24.175849,39.99925,80.58330000000001,10.749882,985
1,1,0,1,0,0,0,2,25.083466,39.346774,69.6087,16.652113,801
2,1,0,1,0,1,1,1,17.229108,28.500729999999997,43.7273,16.636703,1349
3,1,0,1,0,2,1,1,17.4,30.000052,59.0435,10.739832,1562
4,1,0,1,0,3,1,1,18.666978999999998,31.131819999999998,43.695699999999995,12.522300000000001,1600
5,1,0,1,0,4,1,1,17.604356,31.391794,51.8261,6.0008684,1606
6,1,0,1,0,5,1,2,17.236534,29.783374000000002,49.8696,11.304642,1510
7,1,0,1,0,6,0,2,15.755,26.708764000000002,53.5833,17.875868,959
8,1,0,1,0,0,0,1,14.501651,23.66755,43.416700000000006,24.25065,822
9,1,0,1,0,1,1,1,15.089151,25.958607999999998,48.2917,14.958889,1321
10,1,0,1,0,2,1,2,15.947277,28.636623999999998,68.6364,8.182844000000001,1263
11,1,0,1,0,3,1,1,16.118169,26.591217999999998,59.954499999999996,20.410009,1162
12,1,0,1,0,4,1,1,15.755,25.958278,47.0417,20.166999999999998,1406
13,1,0,1,0,5,1,1,15.56089,28.435257999999997,53.7826,8.478716,1421
14,1,0,1,0,6,0,2,18.966651,32.375392000000005,49.875,10.583521,1248
15,1,0,1,0,0,0,1,18.888348999999998,31.458322000000003,48.375,12.625010999999999,1204
16,1,0,1,1,1,0,2,16.264151,27.666886,53.75,12.999139,1000
17,1,0,1,0,2,1,2,18.183349,31.333978000000002,86.16669999999999,9.833924999999999,683
18,1,0,1,0,3,1,2,21.732177999999998,35.695852,74.1739,13.957239,1650
19,1,0,1,0,4,1,2,20.298349,32.8333,53.833299999999994,13.125568,1927
20,1,0,1,0,5,1,1,16.3425,26.416978,45.7083,23.667214,1543
21,1,0,1,0,6,0,1,10.7791288,21.2185936,40.0,11.52199,981
22,1,0,1,0,0,0,1,12.5365199,22.5233806,43.6522,16.5222,986
23,1,0,1,0,1,1,1,12.5773911,23.78338,49.173899999999996,10.60811,1416
24,1,0,1,0,2,1,2,18.503466000000003,31.478716,61.695699999999995,8.696332,1985
25,1,0,1,0,3,1,3,18.2225,29.4376,86.25,19.68795,506
26,1,0,1,0,4,1,1,17.165,30.5002,68.75,7.627078999999999,431
27,1,0,1,0,5,1,2,17.563466,30.738922,79.30430000000001,8.2611,1167
28,1,0,1,0,6,0,1,17.236534,30.000315999999998,65.17389999999999,9.739455,1098
29,1,0,1,0,0,0,1,18.176534,32.521252000000004,72.2174,4.956834199999999,1096
30,1,0,1,0,1,1,2,16.499150999999998,28.2925,60.375,12.541864,1501
31,1,0,2,0,2,1,2,17.032178000000002,31.47898,82.9565,3.565271,1360
32,1,0,2,0,3,1,2,20.22,32.791522,77.5417,17.708636,1526
33,1,0,2,0,4,1,1,16.786979000000002,27.739948,43.7826,18.609384,1550
34,1,0,2,0,5,1,2,17.931288000000002,31.086742,58.521699999999996,8.565213,1708
35,1,0,2,0,6,0,2,18.966651,32.041827999999995,92.91669999999999,10.792293,1005
36,1,0,2,0,0,0,1,21.434151,35.250286,56.833299999999994,9.5006,1623
37,1,0,2,0,1,1,1,20.768349,36.041427999999996,73.83330000000001,3.0423561,1712
38,1,0,2,0,2,1,1,18.379151,29.084236,53.7917,24.25065,1530
39,1,0,2,0,3,1,2,14.334800999999999,25.522678,49.4783,12.652213,1605
40,1,0,2,0,4,1,1,14.784355999999999,25.870168,43.7391,14.869645,1538
41,1,0,2,0,5,1,1,16.887277,30.091594,50.6364,7.272849999999999,1746
42,1,0,2,0,6,0,1,18.4575,31.374964,54.4167,13.625589,1472
43,1,0,2,0,0,0,1,22.876534,37.391458,45.7391,17.479160999999998,1589
44,1,0,2,0,1,1,1,27.505,42.2911,37.583299999999994,27.999836,1913
45,1,0,2,0,2,1,1,20.506089000000003,32.782084,31.434800000000003,19.522058,1815
46,1,0,2,0,3,1,1,22.958267,36.8692,42.3478,16.869996999999998,2115
47,1,0,2,0,4,1,1,28.484151,44.291427999999996,50.5,15.416968,2475
48,1,0,2,0,5,1,1,32.518349,49.790878,51.6667,17.749975000000003,2927
49,1,0,2,0,6,0,1,26.760849,41.832663999999994,18.7917,34.000021,1635
50,1,0,2,0,0,0,1,21.405199,34.30378,40.7826,14.956745,1812
51,1,0,2,1,1,0,2,22.256651,34.74895,60.5,20.625682,1107
52,1,0,2,0,2,1,1,16.564434,28.278178,57.7778,13.110761,1450
53,1,0,2,0,3,1,1,18.421733,32.217321999999996,42.3043,6.3055710000000005,1917
54,1,0,2,0,4,1,2,21.895644,35.086606,69.7391,16.783231999999998,1807
55,1,0,2,0,5,1,2,25.124356,39.130426,71.2174,23.218113,1461
56,1,0,2,0,6,0,1,21.277499999999996,34.624672000000004,53.7917,12.500257,1969
57,1,0,2,0,0,0,1,24.143466,39.173193999999995,68.0,8.391615999999999,2402
58,1,0,2,0,1,1,2,27.141831,42.407788,87.63640000000001,19.408962,1446
59,1,0,3,0,2,1,1,20.533349,33.416014,53.5,14.500475,1851
60,1,0,3,0,3,1,1,23.745,37.124686,44.9583,20.624811,2134
61,1,0,3,0,4,1,1,17.321651000000003,29.208778000000002,31.833299999999998,15.125518000000001,1685
62,1,0,3,0,5,1,2,20.298349,32.874814,61.0417,13.624182,1944
63,1,0,3,0,6,0,2,26.055849,40.999414,78.91669999999999,16.875357,2077
64,1,0,3,0,0,0,2,25.696534,40.172632,94.8261,23.000229,605
65,1,0,3,0,1,1,1,20.301733,31.738426,55.1304,22.870584,1872
66,1,0,3,0,2,1,1,21.7475,35.9584,42.0833,8.083549999999999,2133
67,1,0,3,0,3,1,2,21.904151,34.916128,77.5417,14.750050000000002,1891
68,1,0,3,0,4,1,3,26.287277,41.454088,0.0,17.545759,623
69,1,0,3,0,5,1,2,22.876534,36.129999999999995,64.95649999999999,15.60899,1977
70,1,0,3,0,6,0,1,23.470849,37.4995,59.458299999999994,14.791924999999999,2132
71,1,0,3,0,0,0,1,26.064356,41.086006,52.73910000000001,18.130468,2417
72,1,0,3,0,1,1,1,23.285199,37.912000000000006,49.695699999999995,9.174042,2046
73,1,0,3,0,2,1,2,22.917377,36.999748,65.5652,12.348703,2056
74,1,0,3,0,3,1,2,25.165199,40.21738,77.65220000000001,13.608839,2192
75,1,0,3,0,4,1,1,27.505,43.081978,60.291700000000006,14.041792999999998,2744
76,1,0,3,0,5,1,1,33.38,50.782593999999996,52.5217,15.478139,3239
77,1,0,3,0,6,0,1,30.2075,46.79065,37.9167,24.667189,3117
78,1,0,3,0,0,0,1,23.6275,37.4995,47.375,13.917307,2471
79,2,0,3,0,1,1,2,28.230445,43.04251,73.73910000000001,19.348461,2077
80,2,0,3,0,2,1,1,28.758349,45.082372,62.4583,15.125250000000001,2703
81,2,0,3,0,3,1,2,24.306979000000002,38.303974,83.9565,15.695487,2121
82,2,0,3,0,4,1,2,21.395,33.874978,80.58330000000001,16.333729,1865
83,2,0,3,0,5,1,1,20.415849,32.916591999999994,49.5,15.458575000000002,2210
84,2,0,3,0,6,0,1,20.494151,32.999686,39.4167,14.041257,2496
85,2,0,3,0,0,0,2,19.893021,32.522374,49.3913,12.348099999999999,1693
86,2,0,3,0,1,1,1,20.424356000000003,32.999884,30.2174,14.217668,2028
87,2,0,3,0,2,1,1,22.2175,35.331928000000005,31.4167,15.208732,2425
88,2,0,3,0,3,1,2,22.1,35.6251,64.6667,11.583495999999998,1536
89,2,0,3,0,4,1,3,20.611651000000002,32.99995,91.8333,14.582282000000001,1685
90,2,0,4,0,5,1,2,22.1,34.707964000000004,68.625,17.333436,2227
91,2,0,4,0,6,0,2,22.805,36.832042,65.375,13.208782,2252
92,2,0,4,0,0,0,1,25.781651,40.998622,48.0,12.208271000000002,3249
93,2,0,4,0,1,1,1,34.946651,51.833314,42.625,25.833257,3115
94,2,0,4,0,2,1,2,27.465849,42.2911,64.2083,26.000488999999998,1795
95,2,0,4,0,3,1,1,26.369151,41.582128,47.0833,17.625221,2808
96,2,0,4,0,4,1,1,28.5625,44.623936,60.291700000000006,10.874904,3141
97,2,0,4,0,5,1,2,23.784151,37.415614000000005,83.625,15.208464,1471
98,2,0,4,0,6,0,2,24.0975,38.540914,87.75,8.916561,2455
99,2,0,4,0,0,0,2,28.053349,44.164642,85.75,9.833389,2895
100,2,0,4,0,1,1,2,35.995644,53.304322,71.6956,21.739758,3348
101,2,0,4,0,2,1,2,31.617499999999996,48.541564,73.9167,18.416892999999998,2034
102,2,0,4,0,3,1,2,27.3875,43.540678,81.91669999999999,16.791338999999997,2162
103,2,0,4,0,4,1,1,29.9725,46.540972,54.041700000000006,7.4169,3267
104,2,0,4,1,5,0,1,28.993349,45.166258,67.125,15.167124999999999,3126
105,2,0,4,0,6,0,3,28.249151,44.082471999999996,88.83330000000001,22.834136,795
106,2,0,4,0,0,0,1,29.463349,45.415936,47.9583,20.334232,3744
107,2,0,4,0,1,1,1,32.0875,49.207636,54.25,10.958988999999999,3429
108,2,0,4,0,2,1,2,31.774151,48.291028000000004,66.5833,10.584057,3204
109,2,0,4,0,3,1,1,35.965,53.249872,61.4167,16.208975,3944
110,2,0,4,0,4,1,1,29.580849,45.956872000000004,40.708299999999994,21.792286,4189
111,2,0,4,0,5,1,2,23.823349,37.248964,72.9583,14.707906999999999,1683
112,2,0,4,0,6,0,2,29.62,45.707986,88.79169999999999,15.458575000000002,4036
113,2,0,4,0,0,0,2,35.338349,52.416358,81.08330000000001,12.875725000000001,4191
114,2,0,4,0,1,1,1,36.513349,53.917,77.6667,12.417311,4073
115,2,0,4,0,2,1,1,37.688349,55.209478000000004,72.9167,21.875500000000002,4400
116,2,0,4,0,3,1,2,37.14,53.959372,83.54169999999999,20.917399999999997,3872
117,2,0,4,0,4,1,2,37.0225,54.209314,70.08330000000001,21.500836000000003,4058
118,2,0,4,0,5,1,1,31.97,48.832558,45.7083,16.084221,4595
119,2,0,4,0,6,0,1,30.2075,46.625386000000006,50.3333,15.750025,5312
120,2,0,5,0,0,0,2,29.228348999999998,45.581464,76.2083,7.125718,3351
121,2,0,5,0,1,1,2,33.810849,51.166978,73.0,12.291418,4401
122,2,0,5,0,2,1,2,36.983349,54.417214,69.7083,22.958689,4451
123,2,0,5,0,3,1,2,27.465849,42.706900000000005,73.70830000000001,22.042732,2633
124,2,0,5,0,4,1,1,29.580849,45.166522,44.4167,19.791263999999998,4433
125,2,0,5,0,5,1,1,30.520849000000002,47.291722,59.0,15.292482,4608
126,2,0,5,0,6,0,1,32.44,49.832986,54.125,10.750150000000001,4714
127,2,0,5,0,0,0,1,32.831651,50.249578,63.1667,5.0007125,4333
128,2,0,5,0,1,1,1,33.0275,50.666236,58.875,11.792,4362
129,2,0,5,0,2,1,1,33.0275,50.499586,48.9167,7.749956999999999,4803
130,2,0,5,0,3,1,1,33.4975,50.8744,63.29169999999999,8.083014,4182
131,2,0,5,0,4,1,1,33.145,50.541958,74.75,12.707689,4864
132,2,0,5,0,5,1,2,32.0875,48.6238,86.33330000000001,12.041575,4105
133,2,0,5,0,6,0,2,32.479151,49.041514,92.25,9.041649999999999,3409
134,2,0,5,0,0,0,2,34.4375,51.376000000000005,86.70830000000001,10.249593,4553
135,2,0,5,0,1,1,1,35.1425,52.333792,78.79169999999999,8.500357000000001,3958
136,2,0,5,0,2,1,2,34.398348999999996,51.542914,83.7917,18.582718,4123
137,2,0,5,0,3,1,2,33.85,50.792428,87.0,13.499964,3855
138,2,0,5,0,4,1,2,32.949151,49.708972,82.9583,7.250271000000001,4575
139,2,0,5,0,5,1,1,33.223349,50.916772,71.9583,8.375871,4917
140,2,0,5,0,6,0,1,36.3175,53.75035,62.6667,8.083549999999999,5805
141,2,0,5,0,0,0,1,36.395849,53.917,74.9583,9.916536,4660
142,2,0,5,0,1,1,2,37.688349,54.959536,81.0,15.667413999999999,4274
143,2,0,5,0,2,1,2,39.02,55.917658,74.0833,13.875164,4492
144,2,0,5,0,3,1,1,39.059151,56.625772000000005,69.625,10.333611000000001,4978
145,2,0,5,0,4,1,1,41.291651,59.209408,67.75,13.376014,4677
146,2,0,5,0,5,1,1,40.038349000000004,58.042528000000004,65.375,16.125493,4679
147,2,0,5,0,6,0,1,38.824151,56.417014,72.9583,15.416164,4758
148,2,0,5,0,0,0,1,39.3725,56.6263,81.875,14.333846,4788
149,2,0,5,1,1,0,1,42.466651,60.292072000000005,68.5,8.792075,4098
150,2,0,5,0,2,1,1,44.425000000000004,63.875278,63.6667,7.459042999999999,3982
151,2,0,6,0,3,1,2,43.915849,63.583822000000005,67.7083,13.875164,3974
152,2,0,6,0,4,1,1,41.605,58.500172,30.5,19.583229000000003,4968
153,2,0,6,0,5,1,1,37.14,54.750778000000004,35.4167,16.959107,5312
154,2,0,6,0,6,0,1,37.845,55.249936,45.625,8.250514,5342
155,2,0,6,0,0,0,2,38.471651,56.709064,65.25,9.292364000000001,4906
156,2,0,6,0,1,1,1,39.881651,57.042628,60.0,8.167032,4548
157,2,0,6,0,2,1,1,41.2525,59.2927,59.791700000000006,12.583136,4833
158,2,0,6,0,3,1,1,44.464151,64.000414,62.20830000000001,9.166739,4401
159,2,0,6,0,4,1,2,45.991651,66.000214,56.833299999999994,10.042161,3915
160,2,0,6,0,5,1,1,43.485,62.417272000000004,60.5,9.417118,4586
161,2,0,6,0,6,0,1,42.074999999999996,60.750508,65.45830000000001,10.374949999999998,4966
162,2,0,6,0,0,0,1,40.5475,58.459450000000004,74.7917,10.958988999999999,4460
163,2,0,6,0,1,1,1,37.845,55.709164,49.4583,20.45845,5020
164,2,0,6,0,2,1,1,36.395849,55.042036,50.708299999999994,18.041961,4891
165,2,0,6,0,3,1,1,37.453349,54.791764,47.1667,11.250104,5180
166,2,0,6,0,4,1,2,37.531651,55.292836,68.8333,13.833556999999999,3767
167,2,0,6,0,5,1,1,38.51084900000001,55.625278,73.5833,9.582942999999998,4844
168,2,0,6,0,6,0,1,40.743349,58.500964,67.0417,8.000336,5119
169,2,0,6,0,0,0,2,40.860849,58.625836,66.6667,6.834,4744
170,2,0,6,0,1,1,2,37.845,55.292836,74.625,10.416825,4010
171,3,0,6,0,2,1,2,39.999151,58.084636,77.0417,11.458675000000001,4835
172,3,0,6,0,3,1,1,42.466651,61.792714000000004,70.75,11.541554,4507
173,3,0,6,0,4,1,2,42.231651,61.792978000000005,70.3333,15.999868,4790
174,3,0,6,0,5,1,1,42.035849,59.334478000000004,57.3333,14.875675,4991
175,3,0,6,0,6,0,1,40.665,58.458658,48.3333,14.041257,5202
176,3,0,6,0,0,0,1,39.96,58.083514,51.3333,6.3337311,5305
177,3,0,6,0,1,1,2,40.0775,58.042264,65.8333,7.2083960000000005,4708
178,3,0,6,0,2,1,1,42.975849000000004,61.708828,63.416700000000006,9.666960999999999,4648
179,3,0,6,0,3,1,1,42.231651,59.209408,49.7917,17.542007,5225
180,3,0,6,0,4,1,1,40.743349,58.042528000000004,43.416700000000006,12.415904000000001,5515
181,3,0,7,0,5,1,1,41.9575,59.042692,39.625,6.874736,5362
182,3,0,7,0,6,0,1,42.701651,60.042328,44.4583,7.709154,5119
183,3,0,7,0,0,0,2,41.683349,60.12595,68.25,15.333486,4649
184,3,0,7,1,1,0,2,42.153349,59.917522000000005,63.7917,5.4591064000000005,6043
185,3,0,7,0,2,1,1,43.093348999999996,61.958308,59.0417,8.459286,4665
186,3,0,7,0,3,1,1,41.839999999999996,61.251778,74.33330000000001,10.042161,4629
187,3,0,7,0,4,1,1,43.25,61.333486,65.125,10.666400000000001,4592
188,3,0,7,0,5,1,2,41.330849,60.251878000000005,75.79169999999999,15.083643,4040
189,3,0,7,0,6,0,1,42.466651,59.834428,60.9167,11.250104,5336
190,3,0,7,0,0,0,1,43.1325,61.54165,57.8333,12.292557,4881
191,3,0,7,0,1,1,1,43.8375,64.16706400000001,63.5833,18.916579,4086
192,3,0,7,0,2,1,1,45.325849,64.79214999999999,55.9167,13.417017999999999,4258
193,3,0,7,0,3,1,1,43.093348999999996,61.500664,63.1667,9.790911000000001,4342
194,3,0,7,0,4,1,1,39.999151,57.916864,47.625,16.124689,5084
195,3,0,7,0,5,1,1,39.17665099999999,57.208486,59.12500000000001,12.249811,5538
196,3,0,7,0,6,0,1,40.273349,58.125358,58.5,13.958914,5923
197,3,0,7,0,0,0,1,41.800849,60.208978,60.4167,16.417211,5302
198,3,0,7,0,1,1,1,43.093348999999996,62.459050000000005,65.125,14.458867999999999,4458
199,3,0,7,0,2,1,1,44.503349,65.333614,65.0417,8.7502,4541
200,3,0,7,0,3,1,1,44.111651,65.2921,70.70830000000001,7.625739,4332
201,3,0,7,0,4,1,2,46.305,70.540486,69.125,14.875407,3784
202,3,0,7,0,5,1,1,47.871651,71.499136,58.0417,8.9177,3387
203,3,0,7,0,6,0,1,47.910849,69.082942,50.0,8.791807,3285
204,3,0,7,0,0,0,1,47.01,68.458714,55.0833,11.334456999999999,3606
205,3,0,7,0,1,1,1,42.936651,63.583228,75.7083,6.0841560999999995,3840
206,3,0,7,0,2,1,1,44.268349,62.000614,54.0833,13.417285999999999,4590
207,3,0,7,0,3,1,1,44.425000000000004,61.584022000000004,40.291700000000006,12.292020999999998,4656
208,3,0,7,0,4,1,1,44.620849,64.8334,58.3333,11.958093,4390
209,3,0,7,0,5,1,1,47.401651,67.87382199999999,54.25,11.667245999999999,3846
210,3,0,7,0,6,0,1,45.795849,64.08344199999999,46.5833,11.291979,4475
211,3,0,7,0,0,0,1,45.874151,64.16653600000001,48.0833,11.042470999999999,4302
212,3,0,8,0,1,1,1,44.268349,62.417272000000004,55.0833,10.500039,4266
213,3,0,8,0,2,1,1,44.816651,62.666686,49.125,13.79195,4845
214,3,0,8,0,3,1,2,42.388349,60.875842,65.75,9.084061,3574
215,3,0,8,0,4,1,2,41.37,59.876008000000006,75.75,13.20905,4576
216,3,0,8,0,5,1,1,41.409151,59.333422,63.083299999999994,12.374632,4866
217,3,0,8,0,6,0,2,41.683349,60.626164,75.5,15.29275,4294
218,3,0,8,0,0,0,1,42.8975,63.209272000000006,75.29169999999999,13.499629,3785
219,3,0,8,0,1,1,1,43.955,62.416678,59.2083,12.875725000000001,4326
220,3,0,8,0,2,1,1,44.425000000000004,63.791986,57.04169999999999,10.125107,4602
221,3,0,8,0,3,1,1,44.033349,61.208878,42.4167,13.417285999999999,4780
222,3,0,8,0,4,1,1,41.722500000000004,59.000386,42.375,11.041332,4792
223,3,0,8,0,5,1,1,41.291651,59.166772,41.5,8.416607,4905
224,3,0,8,0,6,0,2,40.234151000000004,58.626628000000004,72.9583,14.167418,4150
225,3,0,8,0,0,0,2,39.803349,57.209608,81.75,14.916411,3820
226,3,0,8,0,1,1,1,39.294151,56.667022,71.20830000000001,13.999918,4338
227,3,0,8,0,2,1,1,40.939151,58.625242,57.8333,15.834043000000001,4725
228,3,0,8,0,3,1,1,41.996651,60.000286,57.5417,9.625689,4694
229,3,0,8,0,4,1,1,41.448349,59.709028,65.45830000000001,15.624936,3805
230,3,0,8,0,5,1,2,40.195,57.792586,72.2917,9.333635999999998,4153
231,3,0,8,0,6,0,1,40.7825,58.833736,67.41669999999999,6.999289,5191
232,3,0,8,0,0,0,1,41.409151,60.58465,77.0,16.666518,3873
233,3,0,8,0,1,1,1,40.508349,58.124764,47.0,18.54225,4758
234,3,0,8,0,2,1,1,38.119151,56.000422,45.5417,9.833121,5895
235,3,0,8,0,3,1,1,39.646651,57.625672,60.5,16.958236,5130
236,3,0,8,0,4,1,2,40.155848999999996,58.626364,77.1667,14.125810999999999,3542
237,3,0,8,0,5,1,1,40.9,59.542378,76.125,5.625487499999999,4661
238,3,0,8,0,6,0,2,39.96,57.946696,85.0,25.166338999999997,1115
239,3,0,8,0,0,0,1,41.231773,58.765294,56.1765,20.412153,4334
240,3,0,8,0,1,1,1,37.923349,56.125228,55.45830000000001,10.708275,4634
241,3,0,8,0,2,1,1,38.040849,55.250464,54.833299999999994,8.375536,5204
242,3,0,8,0,3,1,1,38.863349,56.333986,59.791700000000006,5.5833311,5058
243,3,0,9,0,4,1,1,38.785,56.584786,63.916700000000006,9.500332,5115
244,3,0,9,0,5,1,2,38.236651,55.917328,72.70830000000001,9.375243,4727
245,3,0,9,0,6,0,1,39.450849,57.792058000000004,71.6667,12.416775,4484
246,3,0,9,0,0,0,1,41.330849,59.918314,74.20830000000001,13.833289,4940
247,3,0,9,1,1,0,2,39.646651,57.292636,79.0417,14.250632,3351
248,3,0,9,0,2,1,3,33.38,50.0032,88.6957,23.044181,2710
249,3,0,9,0,3,1,3,36.160849,51.919114,91.7083,6.500393600000001,1996
250,3,0,9,0,4,1,3,37.793910999999994,52.653826,93.9565,12.914116,1842
251,3,0,9,0,5,1,2,38.55,54.210435999999994,89.79169999999999,8.333393000000001,3544
252,3,0,9,0,6,0,1,39.02,56.125492,75.375,10.291736,5345
253,3,0,9,0,0,0,1,38.706651,56.209114,71.375,7.708618,5046
254,3,0,9,0,1,1,1,38.284356,55.74058,69.2174,5.957171000000001,4713
255,3,0,9,0,2,1,1,38.589151,55.834564,71.25,9.500868,4763
256,3,0,9,0,3,1,1,39.646651,57.3754,69.7083,11.2091,4785
257,3,0,9,0,4,1,2,35.1425,52.542286000000004,70.9167,18.166782,3659
258,3,0,9,0,5,1,2,30.050849,46.457350000000005,59.0417,11.000261,4760
259,3,0,9,0,6,0,2,31.108349,47.581792,71.8333,12.708225,4511
260,3,0,9,0,0,0,1,31.8525,48.375442,69.5,11.958361,4274
261,3,0,9,0,1,1,2,33.810849,50.95855,69.0,10.166713999999999,4539
262,3,0,9,0,2,1,2,34.398348999999996,51.126322,88.125,9.041917999999999,3641
263,3,0,9,0,3,1,2,35.965,52.335178000000006,90.0,6.4590814,4352
264,3,0,9,0,4,1,2,37.531651,52.627558,90.2083,8.584375,4795
265,4,0,9,0,5,1,2,36.630849,50.460249999999995,97.25,5.2505689,2395
266,4,0,9,0,6,0,2,36.513349,53.251192,86.25,5.2516811,5423
267,4,0,9,0,0,0,2,37.805849,53.794042,84.5,3.3754064,5010
268,4,0,9,0,1,1,2,38.51084900000001,54.876771999999995,84.8333,7.4169,4630
269,4,0,9,0,2,1,2,37.923349,53.91865,88.5417,7.917457,4120
270,4,0,9,0,3,1,2,37.845,53.96042799999999,84.875,9.958143000000002,3907
271,4,0,9,0,4,1,1,36.983349,53.917792,69.91669999999999,11.583161,4839
272,4,0,9,0,5,1,1,34.515849,51.958714,64.75,13.833825,5202
273,4,0,10,0,6,0,2,27.27,43.248958,75.375,19.583832,2429
274,4,0,10,0,0,0,2,24.763349,38.790921999999995,79.1667,14.874870999999999,2918
275,4,0,10,0,1,1,2,26.055849,41.875036,76.0833,5.5841686,3570
276,4,0,10,0,2,1,1,30.755849,47.208628000000004,71.0,13.792218,4456
277,4,0,10,0,3,1,1,33.30165099999999,50.791108,64.79169999999999,11.87575,4826
278,4,0,10,0,4,1,1,31.225849,47.70805,62.083299999999994,9.041917999999999,4765
279,4,0,10,0,5,1,1,32.009151,49.290664,68.41669999999999,1.5002439,4985
280,4,0,10,0,6,0,1,32.518349,49.873971999999995,70.125,3.0420814,5409
281,4,0,10,0,0,0,1,33.419151,50.582878,72.75,4.251150000000001,5511
282,4,0,10,1,1,0,1,34.829151,51.83305,73.375,2.8343814,5117
283,4,0,10,0,2,1,2,34.633349,52.042336,80.875,9.583814,4563
284,4,0,10,0,3,1,3,33.536651,50.169322,90.625,16.62605,2416
285,4,0,10,0,4,1,2,35.690849,52.419064,89.6667,9.499729,2913
286,4,0,10,0,5,1,2,33.889151,50.95855,71.625,15.000161,3644
287,4,0,10,0,6,0,1,31.813349,48.91585,48.3333,17.291561,5217
288,4,0,10,0,0,0,1,32.048349,49.208164,48.6667,18.875039,5041
289,4,0,10,0,1,1,1,33.105849,49.70785,57.958299999999994,11.750393,4570
290,4,0,10,0,2,1,2,33.0275,50.499586,70.1667,7.375829,4748
291,4,0,10,0,3,1,3,33.461732999999995,49.913968,89.52170000000001,16.303713,2424
292,4,0,10,0,4,1,1,30.364151,46.79065,63.625,28.292425,4195
293,4,0,10,0,5,1,1,28.0925,43.957336,57.4167,14.833532,4304
294,4,0,10,0,6,0,1,27.857499999999998,44.082471999999996,62.916700000000006,6.2086689,4308
295,4,0,10,0,0,0,1,27.818349,43.873978,74.125,6.6673375,4381
296,4,0,10,0,1,1,1,29.776651,46.166422,77.2083,7.959064,4187
297,4,0,10,0,2,1,1,30.168349,46.58275,62.291700000000006,11.166086,4687
298,4,0,10,0,3,1,2,30.755849,47.207836,72.04169999999999,9.959014,3894
299,4,0,10,0,4,1,2,30.09,46.165036,81.2917,13.250121,2659
300,4,0,10,0,5,1,2,23.549151000000002,37.041591999999994,58.58330000000001,15.375093,3747
301,4,0,10,0,6,0,3,19.945849,31.042258,88.25,23.541857,627
302,4,0,10,0,0,0,1,23.000849,37.207713999999996,62.375,11.833339,3331
303,4,0,10,0,1,1,1,23.98,39.500158,70.3333,7.12545,3669
304,4,0,11,0,2,1,1,26.839151,42.207808,68.375,9.083257,4068
305,4,0,11,0,3,1,1,25.7425,41.748778,71.875,5.5001439,4186
306,4,0,11,0,4,1,1,27.191651,42.790786,70.20830000000001,9.166739,3974
307,4,0,11,0,5,1,2,26.956651,42.623872,62.25000000000001,18.209193,4046
308,4,0,11,0,6,0,1,23.353349,37.374364,51.916700000000006,12.667154,3926
309,4,0,11,0,0,0,1,24.371651,39.915628,73.4583,6.1676314,3649
310,4,0,11,0,1,1,1,26.565,42.457486,75.875,3.834075,4035
311,4,0,11,0,2,1,1,27.191651,43.208236,72.16669999999999,4.6255125,4205
312,4,0,11,0,3,1,1,26.8,42.999214,75.83330000000001,4.1671186,4109
313,4,0,11,0,4,1,2,25.86,40.665586000000005,81.3333,12.667489000000002,2933
314,4,0,11,1,5,0,1,23.235849,36.249922,44.625,21.083225,3368
315,4,0,11,0,6,0,1,24.763349,39.624172,55.2917,14.208154,4067
316,4,0,11,0,0,0,1,28.719151,44.4163,45.8333,18.875307,3717
317,4,0,11,0,1,1,1,32.91,50.624392,58.7083,20.541932,4486
318,4,0,11,0,2,1,2,32.91,49.500214,68.875,13.375411,4195
319,4,0,11,0,3,1,3,29.463349,45.831208000000004,93.0,9.167543,1817
320,4,0,11,0,4,1,2,24.058349,37.332586,57.5833,20.459254,3053
321,4,0,11,0,5,1,1,20.885849,33.999586,41.0,11.291711,3392
322,4,0,11,0,6,0,1,23.470849,37.415878000000006,50.208299999999994,15.041232,3663
323,4,0,11,0,0,0,2,29.776651,46.165828000000005,68.45830000000001,12.45865,3520
324,4,0,11,0,1,1,3,29.0325,45.374092000000005,91.0,9.249618,2765
325,4,0,11,0,2,1,3,27.583349000000002,43.831936,96.25,7.959064,1607
326,4,0,11,0,3,1,2,28.719151,44.415442,75.79169999999999,22.500275,2566
327,4,0,11,1,4,0,1,25.546651,40.583086,54.9167,11.209368000000001,1495
328,4,0,11,0,5,1,1,25.625,41.124286,64.375,6.6260186,2792
329,4,0,11,0,6,0,1,25.664151,41.415742,68.1667,4.5841936,3068
330,4,0,11,0,0,0,1,29.580849,46.0828,69.8333,13.999918,3071
331,4,0,11,0,1,1,1,31.663466,48.348052,74.3043,9.522174,3867
332,4,0,11,0,2,1,2,29.541650999999998,45.79075,83.08330000000001,17.292164,2914
333,4,0,11,0,3,1,1,23.275,36.540586000000005,61.3333,18.167586,3613
334,4,0,12,0,4,1,1,22.6875,36.166564,52.4583,14.750586,3727
335,4,0,12,0,5,1,1,22.765849,37.874578,62.583299999999994,6.750518,3940
336,4,0,12,0,6,0,1,22.060849,36.499864,61.291700000000006,6.4174811,3614
337,4,0,12,0,0,0,1,23.549151000000002,39.0406,77.5833,5.6252061,3485
338,4,0,12,0,1,1,2,26.134151,41.99905,82.70830000000001,4.1679561000000005,3811
339,4,0,12,0,2,1,3,29.7375,46.1224,94.9583,15.583061,2594
340,4,0,12,0,3,1,3,27.27,42.416236,97.04169999999999,17.833725,705
341,4,0,12,0,4,1,1,20.494151,32.957908,57.99999999999999,16.083886,3322
342,4,0,12,0,5,1,1,21.669151,36.957772,69.58330000000001,5.5420189,3620
343,4,0,12,0,6,0,1,20.925,33.583192,50.74999999999999,15.625807,3190
344,4,0,12,0,0,0,1,18.379151,32.708164,49.0,4.458293899999999,2743
345,4,0,12,0,1,1,1,19.201651,33.832936000000004,67.08330000000001,4.251150000000001,3310
346,4,0,12,0,2,1,1,21.277499999999996,35.875108,59.0,9.41685,3523
347,4,0,12,0,3,1,2,22.9225,38.331891999999996,66.375,4.0842061,3740
348,4,0,12,0,4,1,2,27.857499999999998,43.207642,63.416700000000006,17.958814,3709
349,4,0,12,0,5,1,2,25.625,39.748450000000005,50.0417,17.458525,3577
350,4,0,12,0,6,0,2,20.141651,32.458486,56.0833,16.292189,2739
351,4,0,12,0,0,0,1,19.201651,32.208214,58.62500000000001,11.375193000000001,2431
352,4,0,12,0,1,1,1,21.003349,34.541578,63.74999999999999,11.584031999999999,3403
353,4,0,12,0,2,1,2,26.134151,42.165964,59.5417,4.1252436,3750
354,1,0,12,0,3,1,2,28.131651,44.249122,85.83330000000001,14.8338,2660
355,1,0,12,0,4,1,2,27.896651000000002,44.123986,75.75,3.1674249999999997,3068
356,1,0,12,0,5,1,1,25.546651,40.915858,68.625,18.374482,2209
357,1,0,12,0,6,0,1,22.2175,35.749972,54.25,12.750368,1011
358,1,0,12,0,0,0,1,20.914801,34.477426,68.13040000000001,10.391097,754
359,1,0,12,1,1,0,1,23.121733,36.82531,50.6957,16.044155,1317
360,1,0,12,0,2,1,2,23.275,37.623778,76.25,12.62615,1162
361,1,0,12,0,3,1,1,22.05911,34.478284,50.39130000000001,19.695386999999997,2302
362,1,0,12,0,4,1,1,19.671651,33.416872,57.4167,8.000604000000001,2423
363,1,0,12,0,5,1,1,22.648349000000003,37.041591999999994,63.6667,9.000579,2999
364,1,0,12,0,6,0,1,27.27,43.331986,61.583299999999994,14.750318,2485
365,1,1,1,0,0,0,1,25.39,40.790986000000004,69.25,12.875189,2294
366,1,1,1,1,1,0,1,20.833021,32.652063999999996,38.130399999999995,22.087555,1951
367,1,1,1,0,2,1,1,15.05,24.33415,44.125,24.499957000000002,2236
368,1,1,1,0,3,1,2,13.0525,23.876241999999998,41.4583,12.3749,2368
369,1,1,1,0,4,1,1,20.494151,34.375192,52.416700000000006,8.709128999999999,3272
370,1,1,1,0,5,1,1,23.705849,38.457622,54.2083,11.249836,4098
371,1,1,1,0,6,0,1,26.486651,41.791414,53.1667,11.708786,4521
372,1,1,1,0,0,0,1,23.8625,38.457028,46.5,12.833314,3425
373,1,1,1,0,1,1,2,18.535849,32.333614,70.1667,6.6263000000000005,2376
374,1,1,1,0,2,1,1,22.508712000000003,37.042516,64.65220000000001,12.565984,3598
375,1,1,1,0,3,1,2,20.885849,34.666185999999996,84.75,8.791807,2177
376,1,1,1,0,4,1,2,25.9775,41.207908,80.2917,12.124789,4097
377,1,1,1,0,5,1,1,20.885849,32.457892,50.74999999999999,25.333236,3214
378,1,1,1,0,6,0,1,16.46,28.083742,45.75,12.541260999999999,2493
379,1,1,1,0,0,0,1,15.833349,26.66725,41.9167,16.834286,2311
380,1,1,1,1,1,0,1,16.93,28.583758,52.25,15.500986000000001,2298
381,1,1,1,0,2,1,2,25.533021,40.042348000000004,71.6087,23.39171,2935
382,1,1,1,0,3,1,1,22.256651,34.166764,44.333299999999994,27.833743,3376
383,1,1,1,0,4,1,1,16.93,28.542508,49.75,14.750586,3292
384,1,1,1,0,5,1,2,18.2225,30.583228,45.0,13.58425,3163
385,1,1,1,0,6,0,2,16.146651,27.54175,83.125,14.917014,1301
386,1,1,1,0,0,0,2,15.6375,26.7085,79.625,13.375746000000001,1977
387,1,1,1,0,1,1,2,18.261651,32.041827999999995,91.125,7.417436,2432
388,1,1,1,0,2,1,1,24.0975,39.041128,83.58330000000001,8.292389,4339
389,1,1,1,0,3,1,1,21.825848999999998,35.458186,64.375,10.791756999999999,4270
390,1,1,1,0,4,1,2,24.058349,39.4993,76.95830000000001,4.9175186,4075
391,1,1,1,0,5,1,2,27.974999999999998,43.415278,74.125,22.958689,3456
392,1,1,1,0,6,0,1,22.844150999999997,37.541014,54.333299999999994,14.125542999999999,4023
393,1,1,1,0,0,0,1,21.277499999999996,33.999586,31.125000000000004,16.08335,3243
394,1,1,1,0,1,1,1,20.650849,33.33325,40.0833,14.458064,3624
395,1,1,1,0,2,1,1,26.330000000000002,41.166922,41.6667,17.541739,4509
396,1,1,2,0,3,1,1,30.050849,46.791508,50.79169999999999,12.667489000000002,4579
397,1,1,2,0,4,1,2,26.760849,42.332086000000004,67.29169999999999,12.541528999999999,3761
398,1,1,2,0,5,1,1,22.726650999999997,36.416836,52.6667,11.959232,4151
399,1,1,2,0,6,0,2,20.415849,33.999849999999995,77.95830000000001,8.167032,2832
400,1,1,2,0,0,0,2,20.494151,33.458386000000004,68.7917,11.791732000000001,2947
401,1,1,2,0,1,1,1,21.282623,35.564116,62.2174,10.304599999999999,3784
402,1,1,2,0,2,1,1,24.645849000000002,39.832864,49.625,9.874393000000001,4375
403,1,1,2,0,3,1,2,20.063349,33.583786,72.2917,8.959307,2802
404,1,1,2,0,4,1,1,20.455,33.291208,56.2083,13.000478999999999,3830
405,1,1,2,0,5,1,2,21.199151,35.374828,54.0,7.834243000000001,3831
406,1,1,2,0,6,0,3,18.535849,29.917222000000002,73.125,19.416332,2169
407,1,1,2,0,0,0,1,13.9925,22.709428,46.4583,27.417204,1529
408,1,1,2,0,1,1,1,18.4575,31.042258,41.125,11.207961,3422
409,1,1,2,0,2,1,2,23.000849,38.040436,50.875,9.458993,3922
410,1,1,2,0,3,1,1,24.371651,39.207514,53.125,12.167200000000001,4169
411,1,1,2,0,4,1,2,22.883349,37.790692,75.29169999999999,6.125475000000001,3005
412,1,1,2,0,5,1,1,24.136651,39.207514,63.4583,13.791682,4154
413,1,1,2,0,6,0,1,24.293349,39.45805,53.4583,12.792243,4318
414,1,1,2,0,0,0,2,21.160000000000004,33.542008,51.5833,16.958504,2689
415,1,1,2,1,1,0,1,21.160000000000004,34.043806000000004,50.7826,15.348561,3129
416,1,1,2,0,2,1,1,21.527822,35.477458,59.434799999999996,13.783039,3777
417,1,1,2,0,3,1,1,26.604150999999998,41.916022,56.7917,15.709557,4773
418,1,1,2,0,4,1,1,29.345849,45.333436,55.45830000000001,12.791171,5062
419,1,1,2,0,5,1,2,27.1525,43.124086,73.75,15.916989,3487
420,1,1,2,0,6,0,1,21.669151,32.87455,39.5833,28.250014,2732
421,1,1,2,0,0,0,1,21.120849,33.708327999999995,41.0,13.750342999999999,3389
422,1,1,2,0,1,1,1,25.233349,39.624964,49.0833,17.958211000000002,4322
423,1,1,2,0,2,1,1,24.880849,39.33265,39.5833,12.958939,4363
424,1,1,2,0,3,1,2,24.184356,38.99902,80.4783,12.000839,1834
425,1,1,3,0,4,1,1,30.834151000000002,47.374486,61.5417,15.208129,4990
426,1,1,3,0,5,1,2,24.606651,39.749572,65.7083,9.708568,3194
427,1,1,3,0,6,0,2,27.465849,43.290472,62.125,10.792293,4066
428,1,1,3,0,0,0,1,23.314151,35.999386,40.3333,22.416257,3423
429,1,1,3,0,1,1,1,19.436650999999998,31.917285999999997,50.625,15.333486,3333
430,1,1,3,0,2,1,1,20.141651,32.832772,45.6667,13.458625,3956
431,1,1,3,0,3,1,1,26.995849,41.4166,51.3333,23.167193,4916
432,1,1,3,0,4,1,1,32.7925,50.623864,56.75,29.584721,5382
433,1,1,3,0,5,1,2,27.309151,42.207478,40.708299999999994,27.7916,4569
434,1,1,3,0,6,0,1,21.5125,34.332622,35.0417,15.125250000000001,4118
435,1,1,3,0,0,0,1,25.001732999999998,39.73822,47.6957,14.913329000000001,4911
436,1,1,3,0,1,1,1,29.933349,46.333072,48.9167,13.916771,5298
437,1,1,3,0,2,1,1,34.55499999999999,51.833314,61.75000000000001,15.87565,5847
438,1,1,3,0,3,1,1,34.9075,52.208722,50.708299999999994,7.709154,6312
439,1,1,3,0,4,1,1,34.2025,51.16645,57.958299999999994,10.042161,6192
440,1,1,3,0,5,1,2,28.484151,44.791114,84.20830000000001,7.583864,4378
441,1,1,3,0,6,0,2,32.165849,49.333036,75.5833,7.417168,7836
442,1,1,3,0,0,0,2,30.2075,46.624,81.0,8.501161,5892
443,1,1,3,0,1,1,1,33.615,51.166185999999996,72.875,10.875238999999999,6153
444,1,1,3,0,2,1,1,34.359151,51.543178000000005,80.7917,8.125157,6093
445,2,1,3,0,3,1,2,32.988349,49.875028,82.125,6.000406099999999,6230
446,2,1,3,0,4,1,1,34.045849,51.083422,83.125,7.876654,6871
447,2,1,3,0,5,1,2,36.278349,53.624422,69.41669999999999,7.7921000000000005,8362
448,2,1,3,0,6,0,2,31.617499999999996,48.124378,88.5417,12.916461,3372
449,2,1,3,0,0,0,2,28.5625,44.874207999999996,88.0833,14.791924999999999,4996
450,2,1,3,0,1,1,1,28.954151,44.957499999999996,47.7917,25.917007,5558
451,2,1,3,0,2,1,1,23.196651,36.833164,28.999999999999996,12.541864,5102
452,2,1,3,0,3,1,1,30.755849,47.0827,48.125,19.541957,5698
453,2,1,3,0,4,1,1,31.225849,47.832064,43.9167,21.41655,6133
454,2,1,3,0,5,1,2,25.39,40.790986000000004,58.0833,9.250489,5459
455,2,1,3,0,6,0,2,27.935849,43.832728,73.83330000000001,16.791338999999997,6235
456,2,1,4,0,0,0,2,28.014151000000002,43.540942,67.625,11.541889,6041
457,2,1,4,0,1,1,1,28.393911,44.215858,50.4348,20.913313,5936
458,2,1,4,0,2,1,1,29.933349,46.457877999999994,39.6667,6.708911,6772
459,2,1,4,0,3,1,1,33.458349,51.207699999999996,46.958299999999994,12.125325,6436
460,2,1,4,0,4,1,1,28.445,44.456758,37.416700000000006,14.708443,6457
461,2,1,4,0,5,1,1,26.956651,41.790622,37.7083,20.125996,6460
462,2,1,4,0,6,0,1,28.5625,44.124514,25.4167,18.416356999999998,6857
463,2,1,4,0,0,0,1,31.5,48.50005,27.5833,15.583931999999999,5169
464,2,1,4,0,1,1,1,30.990849,47.458107999999996,31.75,23.999132,5585
465,2,1,4,0,2,1,1,28.993349,44.791377999999995,43.5,16.708125000000003,5918
466,2,1,4,0,3,1,1,24.388712,38.260084000000006,46.9565,19.783358,4862
467,2,1,4,0,4,1,1,26.6825,41.581863999999996,46.625,19.458743,5409
468,2,1,4,0,5,1,1,28.7975,44.499328000000006,40.8333,10.416557,6398
469,2,1,4,0,6,0,1,31.265,48.207736,50.29169999999999,12.791439,7460
470,2,1,4,0,0,0,1,36.513349,53.875750000000004,50.79169999999999,15.083643,7132
471,2,1,4,1,1,0,1,39.215849,56.58505,56.166700000000006,19.083543,6370
472,2,1,4,0,2,1,1,36.591651,55.500142,39.0417,18.333143,6691
473,2,1,4,0,3,1,2,29.776651,46.164508,56.9167,11.250104,4367
474,2,1,4,0,4,1,1,31.421651,48.541036,61.25000000000001,4.417256399999999,6565
475,2,1,4,0,5,1,1,32.753349,50.04115,69.4583,10.041357,7290
476,2,1,4,0,6,0,1,34.79,51.832786,68.2917,19.000328999999997,6624
477,2,1,4,0,0,0,3,26.643349,41.707264,83.54169999999999,23.084582,1027
478,2,1,4,0,1,1,2,23.118349,35.87425,76.66669999999999,20.334232,3214
479,2,1,4,0,2,1,1,27.426651,42.748678,45.4167,16.708661,5633
480,2,1,4,0,3,1,1,30.403349,47.040921999999995,42.7917,7.959064,6196
481,2,1,4,0,4,1,2,31.421651,47.916478,75.66669999999999,11.833875,5026
482,2,1,4,0,5,1,1,29.5025,45.874042,40.0833,23.291411,6233
483,2,1,4,0,6,0,2,25.703349,40.915264,48.9583,8.708325,4220
484,2,1,4,0,0,0,1,29.541650999999998,45.707986,58.7083,7.8328359999999995,6304
485,2,1,4,0,1,1,2,29.815849,46.207936000000004,56.99999999999999,11.499746,5572
486,2,1,5,0,2,1,2,36.826651,54.083386,65.95830000000001,10.458432,5740
487,2,1,5,0,3,1,1,34.515849,51.501136,79.7083,9.249885999999998,6169
488,2,1,5,0,4,1,2,34.32000000000001,51.457972,76.83330000000001,8.957632,6421
489,2,1,5,0,5,1,1,37.49249999999999,55.000522000000004,73.54169999999999,10.916846,6296
490,2,1,5,0,6,0,2,37.218349,54.584128,75.66669999999999,10.250464,6883
491,2,1,5,0,0,0,2,34.4375,52.084642,74.0,10.041893,6359
492,2,1,5,0,1,1,2,33.2625,50.791372,66.41669999999999,15.458307000000001,6273
493,2,1,5,0,2,1,2,35.338349,52.793086,68.58330000000001,19.833942999999998,5728
494,2,1,5,0,3,1,2,35.025,52.49965,74.4167,14.499604,4717
495,2,1,5,0,4,1,1,31.774151,48.457678,55.2083,21.042220999999998,6572
496,2,1,5,0,5,1,1,33.06665099999999,50.374978,36.0417,15.874779,7030
497,2,1,5,0,6,0,1,34.515849,51.957921999999996,48.0417,8.249911,7429
498,2,1,5,0,0,0,1,36.7875,54.625708,57.62500000000001,15.082839,6118
499,2,1,5,0,1,1,2,34.946651,52.293400000000005,78.95830000000001,14.250364,2843
500,2,1,5,0,2,1,2,36.748349,54.042664,79.45830000000001,9.875264,5115
501,2,1,5,0,3,1,1,37.923349,55.33435,69.7917,8.208304,7424
502,2,1,5,0,4,1,1,35.886651,53.792458,52.0,15.374825000000001,7384
503,2,1,5,0,5,1,1,34.515849,52.373985999999995,52.33330000000001,9.166739,7639
504,2,1,5,0,6,0,1,36.2,53.415928,45.625,5.626325,8294
505,2,1,5,0,0,0,1,37.179151,54.541822,53.041700000000006,17.042589,7129
506,2,1,5,0,1,1,2,36.121651,53.334022000000004,81.125,15.624668,4359
507,2,1,5,0,2,1,2,36.905,54.334450000000004,76.5833,7.917189,6073
508,2,1,5,0,3,1,2,37.218349,54.584392,77.45830000000001,6.834,5260
509,2,1,5,0,4,1,1,38.785,56.0422,71.6667,11.584031999999999,6770
510,2,1,5,0,5,1,1,39.96,57.416914,74.70830000000001,9.41685,6734
511,2,1,5,0,6,0,1,40.5475,58.417936000000005,73.25,13.332464,6536
512,2,1,5,0,0,0,1,40.43,58.334050000000005,69.7083,14.416457,6591
513,2,1,5,1,1,0,1,41.487500000000004,60.833800000000004,67.625,13.166907,6043
514,2,1,5,0,2,1,1,41.9575,60.417472000000004,68.45830000000001,19.7918,5743
515,2,1,5,0,3,1,2,38.863349,56.334514,67.0,9.000043,6855
516,2,1,5,0,4,1,1,39.96,57.667714000000004,49.2917,13.083693,7338
517,2,1,6,0,5,1,2,38.74584900000001,56.125492,75.5417,15.916720999999999,4127
518,2,1,6,0,6,0,1,35.416651,53.375008,54.9167,12.499654,8120
519,2,1,6,0,0,0,1,36.3175,53.958778,49.3333,12.333829,7641
520,2,1,6,0,1,1,1,36.0825,54.166678,48.7083,19.083811,6998
521,2,1,6,0,2,1,2,33.419151,50.708872,61.3333,14.041525,7001
522,2,1,6,0,3,1,1,34.045849,51.791272,61.12499999999999,5.167375,7055
523,2,1,6,0,4,1,1,36.3175,53.583172,56.7083,10.542449999999999,7494
524,2,1,6,0,5,1,1,38.51084900000001,55.458892,46.791700000000006,11.750661000000001,7736
525,2,1,6,0,6,0,1,41.409151,58.792222,43.7083,9.667229,7498
526,2,1,6,0,0,0,1,42.153349,59.792122,53.833299999999994,8.959307,6598
527,2,1,6,0,1,1,2,41.879151,59.541586,58.791700000000006,13.916771,6664
528,2,1,6,0,2,1,2,38.706651,55.45975,83.3333,14.374581999999998,4972
529,2,1,6,0,3,1,1,38.824151,56.333722,58.2083,22.999693,7421
530,2,1,6,0,4,1,1,38.471651,57.209278000000005,56.958299999999994,17.000111,7363
531,2,1,6,0,5,1,1,38.040849,55.583764,58.958299999999994,11.833339,7665
532,2,1,6,0,6,0,1,37.688349,55.250728,50.416700000000006,11.166689,7702
533,2,1,6,0,0,0,1,35.8475,53.75035,59.875,9.708568,6978
534,2,1,6,0,1,1,2,34.711651,51.959572,77.79169999999999,11.707982000000001,5099
535,2,1,6,0,2,1,1,40.351651,59.209672000000005,69.0,9.917139,6825
536,2,1,6,0,3,1,1,44.777499999999996,63.58435,59.2083,7.625404,6211
537,3,1,6,0,4,1,1,45.874151,65.667772,56.7917,7.958729,5905
538,3,1,6,0,5,1,1,44.5425,63.791986,57.375,12.250414000000001,5823
539,3,1,6,0,6,0,1,42.388349,59.084272000000006,53.4583,12.041307,7458
540,3,1,6,0,0,0,1,42.936651,60.500764000000004,47.9167,9.750174999999999,6891
541,3,1,6,0,1,1,1,41.644151,59.166772,50.416700000000006,20.125661,6779
542,3,1,6,0,2,1,1,37.649151,55.250464,37.3333,23.292014,7442
543,3,1,6,0,3,1,1,40.7825,58.292272000000004,36.0,18.208925,7335
544,3,1,6,0,4,1,1,43.210849,60.583792,42.25,11.50055,6879
545,3,1,6,0,5,1,1,47.205849,67.916458,48.875,11.082939000000001,5463
546,3,1,6,0,6,0,1,43.955,61.375528,60.12499999999999,10.791756999999999,5687
547,3,1,7,0,0,0,1,46.344151000000004,65.541514,51.87500000000001,11.291443000000001,5531
548,3,1,7,0,1,1,1,44.738349,62.33450800000001,44.7083,13.082889,6227
549,3,1,7,0,2,1,1,44.699151,62.3749,49.2083,8.457878999999998,6660
550,3,1,7,1,3,0,1,45.090849,64.334242,53.87499999999999,9.041649999999999,7403
551,3,1,7,0,4,1,1,46.8925,66.25022200000001,45.7917,12.999943,6241
552,3,1,7,0,5,1,1,46.931651,65.667178,45.0833,9.791514,6207
553,3,1,7,0,6,0,1,48.498349,69.124258,49.2083,10.958118,4840
554,3,1,7,0,0,0,1,46.6575,68.166136,57.375,8.417143,4672
555,3,1,7,0,1,1,2,41.409151,59.167564,68.3333,12.125325,6569
556,3,1,7,0,2,1,2,41.879151,59.876536,66.75,10.166379000000001,6290
557,3,1,7,0,3,1,1,41.683349,58.917886,63.3333,10.166111,7264
558,3,1,7,0,4,1,1,41.644151,59.209078,52.9583,9.833924999999999,7446
559,3,1,7,0,5,1,2,42.388349,60.083578,48.5833,5.41695,7499
560,3,1,7,0,6,0,2,41.056651,59.958772,69.91669999999999,9.626493,6969
561,3,1,7,0,0,0,1,43.054151,62.542936000000005,71.7917,11.166689,6031
562,3,1,7,0,1,1,1,43.876651,63.79225,64.5,11.000529,6830
563,3,1,7,0,2,1,1,46.461650999999996,65.875078,50.583299999999994,7.666743,6786
564,3,1,7,0,3,1,1,45.286651,65.208478,57.7083,9.208614,5713
565,3,1,7,0,4,1,1,44.19,63.166372,60.0417,11.083743,6591
566,3,1,7,0,5,1,2,39.294151,56.45965,84.4167,14.000789000000001,5870
567,3,1,7,0,6,0,3,36.00415099999999,52.294191999999995,86.5417,14.2911,4459
568,3,1,7,0,0,0,2,39.3725,57.126250000000006,76.25,6.2926936,7410
569,3,1,7,0,1,1,1,42.858349,61.541122,69.41669999999999,9.291761,6966
570,3,1,7,0,2,1,1,43.289151,62.6257,65.5,14.167418,7592
571,3,1,7,0,3,1,1,42.035849,59.167564,45.0,11.0416,8173
572,3,1,7,0,4,1,1,44.503349,64.791358,59.66669999999999,19.082470999999998,6861
573,3,1,7,0,5,1,1,44.738349,64.45832200000001,59.458299999999994,10.250464,6904
574,3,1,7,0,6,0,1,43.524150999999996,62.041864,61.3333,10.542449999999999,6685
575,3,1,7,0,0,0,1,41.918349,60.083578,62.375,11.416532,6597
576,3,1,7,0,1,1,1,42.349151,61.209142,66.875,10.292339,7105
577,3,1,7,0,2,1,1,41.526651,59.751136,70.41669999999999,11.083475,7216
578,3,1,8,0,3,1,1,41.722500000000004,60.042328,67.75,9.458993,7580
579,3,1,8,0,4,1,1,43.3675,62.667808,65.95830000000001,8.666718,7261
580,3,1,8,0,5,1,2,43.994151,63.709222000000004,64.25,14.458064,7175
581,3,1,8,0,6,0,1,45.286651,65.58362199999999,61.3333,17.249686,6824
582,3,1,8,0,0,0,1,44.150849,64.251214,65.25,19.458206999999998,5464
583,3,1,8,0,1,1,2,43.3675,62.876236000000006,65.4167,8.666718,7013
584,3,1,8,0,2,1,2,42.584151,62.042986000000006,70.375,7.8328359999999995,7273
585,3,1,8,0,3,1,2,43.25,62.709322,67.29169999999999,7.4169,7534
586,3,1,8,0,4,1,1,43.524150999999996,62.167528000000004,62.0417,10.458699999999999,7286
587,3,1,8,0,5,1,2,41.644151,60.084172,71.58330000000001,16.000471,5786
588,3,1,8,0,6,0,2,40.5475,58.125622,73.2917,13.834093,6299
589,3,1,8,0,0,0,1,40.939151,58.542214,53.041700000000006,8.208304,6544
590,3,1,8,0,1,1,1,41.879151,59.708764,54.541700000000006,9.126204,6883
591,3,1,8,0,2,1,1,42.153349,60.667414,68.6667,11.333586,6784
592,3,1,8,0,3,1,1,41.213349,59.166441999999996,61.9583,11.374657000000001,7347
593,3,1,8,0,4,1,1,41.800849,59.209408,51.916700000000006,9.500332,7605
594,3,1,8,0,5,1,1,41.996651,31.9984,57.0833,15.500718,7148
595,3,1,8,0,6,0,1,39.881651,56.792686,60.3333,11.917089,7865
596,3,1,8,0,0,0,2,37.884151,55.834564,71.1667,5.79215,4549
597,3,1,8,0,1,1,2,37.884151,55.333822000000005,73.4167,8.708593,6530
598,3,1,8,0,2,1,1,38.51084900000001,55.66765,67.375,4.8756436,7006
599,3,1,8,0,3,1,1,39.3725,57.042364,67.7083,4.708981100000001,7375
600,3,1,8,0,4,1,1,40.704151,58.042528000000004,63.5833,5.6679186,7765
601,3,1,8,0,5,1,2,41.0175,58.708600000000004,61.5,4.8337686,7582
602,3,1,8,0,6,0,2,39.098349,56.833936,71.2917,16.375336,6053
603,3,1,8,0,0,0,2,38.706651,55.335736,84.5833,15.333486,5255
604,3,1,8,0,1,1,1,41.056651,59.209408,73.04169999999999,8.625110999999999,6917
605,3,1,8,0,2,1,1,42.231651,59.9593,62.0,12.791975,7040
606,3,1,8,0,3,1,1,40.195,57.958377999999996,55.2083,7.541653999999999,7697
607,3,1,8,0,4,1,1,41.213349,59.083414,59.0417,5.1668189,7713
608,3,1,8,0,5,1,1,43.915849,61.5004,58.75,11.291711,7350
609,3,1,9,0,6,0,2,43.406651000000004,62.375164,63.8333,7.5835289999999995,6140
610,3,1,9,0,0,0,2,40.743349,58.834,81.5,4.2927436,5810
611,3,1,9,1,1,0,1,41.2525,59.667514000000004,79.0833,10.125107,6034
612,3,1,9,0,2,1,1,42.114151,61.334608,75.5,15.833507,6864
613,3,1,9,0,3,1,1,42.623349,62.792878,74.125,12.583136,7112
614,3,1,9,0,4,1,2,40.743349,59.25171400000001,81.0417,9.542207,6203
615,3,1,9,0,5,1,1,41.056651,59.375464,73.625,11.500282,7504
616,3,1,9,0,6,0,2,38.980849,56.333986,79.91669999999999,18.833968000000002,5976
617,3,1,9,0,0,0,1,36.67,54.209050000000005,54.75,15.041232,8227
618,3,1,9,0,1,1,1,35.416651,53.333164,50.375,17.333771000000002,7525
619,3,1,9,0,2,1,1,35.1425,52.583272,52.0,6.1676314,7767
620,3,1,9,0,3,1,1,36.160849,53.62495,57.7083,8.833682,7870
621,3,1,9,0,4,1,1,36.7875,54.250828,63.708299999999994,5.5422936,7804
622,3,1,9,0,5,1,1,37.766651,55.209478000000004,67.25,6.9588209999999995,8009
623,3,1,9,0,6,0,1,36.591651,54.667222,50.1667,16.583907,8714
624,3,1,9,0,0,0,1,35.26,53.16625,56.99999999999999,6.042281099999999,7333
625,3,1,9,0,1,1,2,35.299151,52.5013,73.4583,10.166713999999999,6869
626,3,1,9,0,2,1,2,37.296651,53.294422,87.25,23.958329,4073
627,3,1,9,0,3,1,1,33.9675,51.666664,53.6667,14.416725,7591
628,3,1,9,0,4,1,1,33.693349,51.124672,61.8333,7.917189,7720
629,3,1,9,0,5,1,1,36.160849,53.750086,66.875,10.333343000000001,8167
630,3,1,9,0,6,0,1,38.55,56.292208,64.6667,19.000061,8395
631,4,1,9,0,0,0,1,32.87084900000001,50.249578,46.7083,14.958286000000001,7907
632,4,1,9,0,1,1,1,32.165849,49.165858,49.2917,9.541068000000001,7436
633,4,1,9,0,2,1,1,33.85,51.915814,56.99999999999999,15.833507,7538
634,4,1,9,0,3,1,1,37.845,55.376458,63.083299999999994,16.3748,7733
635,4,1,9,0,4,1,2,38.55,56.12635,69.08330000000001,9.000914,7393
636,4,1,9,0,5,1,2,37.100849,54.666958,69.0,10.999993,7415
637,4,1,9,0,6,0,1,33.4975,50.999536,54.2917,15.249468,8555
638,4,1,9,0,0,0,1,32.753349,50.165758,58.3333,9.042186,6889
639,4,1,10,0,1,1,2,32.479151,49.792,64.9167,6.0838814,6778
640,4,1,10,0,2,1,3,35.769151,51.793977999999996,87.16669999999999,6.9998249999999995,4639
641,4,1,10,0,3,1,2,38.9025,55.542778,79.375,4.4585686,7572
642,4,1,10,0,4,1,2,38.9025,56.12635,72.2917,7.875582,7328
643,4,1,10,0,5,1,1,36.905,54.292342,62.74999999999999,7.12545,8156
644,4,1,10,0,6,0,1,34.045849,51.542386,66.41669999999999,17.957675000000002,7965
645,4,1,10,0,0,0,2,27.544151,43.707657999999995,70.8333,9.457854000000001,3510
646,4,1,10,1,1,0,2,26.016651,41.582128,70.9583,12.708492999999999,5478
647,4,1,10,0,2,1,2,28.993349,44.915392,76.16669999999999,12.7501,6392
648,4,1,10,0,3,1,1,32.165849,49.207372,63.083299999999994,12.584007,7691
649,4,1,10,0,4,1,1,28.445,44.457022,46.3333,12.166932000000001,7570
650,4,1,10,0,5,1,1,28.5625,44.582685999999995,53.91669999999999,15.751164,7282
651,4,1,10,0,6,0,1,26.486651,41.832136000000006,49.4583,9.791514,7109
652,4,1,10,0,0,0,1,32.518349,49.541464,64.0417,18.667004000000002,6639
653,4,1,10,0,1,1,2,34.398348999999996,51.5839,70.75,19.834478999999998,5875
654,4,1,10,0,2,1,1,30.011651,46.415836,55.833299999999994,12.208807,7534
655,4,1,10,0,3,1,1,29.424151,45.707128,69.2917,6.791857,7461
656,4,1,10,0,4,1,2,32.5575,49.83325,72.8333,15.874779,7509
657,4,1,10,0,5,1,2,34.476651000000004,51.501136,81.5,9.041917999999999,5424
658,4,1,10,0,6,0,1,30.755849,47.207572,57.2917,7.874979,8090
659,4,1,10,0,0,0,1,29.815849,46.124314,51.0,11.125618000000001,6824
660,4,1,10,0,1,1,1,30.912499999999998,47.874172,56.833299999999994,5.4593811,7058
661,4,1,10,0,2,1,1,33.575849,51.000064,64.16669999999999,6.3345686,7466
662,4,1,10,0,3,1,1,35.6125,52.875586,63.625,4.8762064,7693
663,4,1,10,0,4,1,2,33.85,50.959408,80.0417,8.333125,7359
664,4,1,10,0,5,1,2,33.654151,50.5015,80.7083,8.875289,7444
665,4,1,10,0,6,0,2,32.91,49.998777999999994,72.0,15.791364000000002,7852
666,4,1,10,0,0,0,2,30.4425,46.872886,69.4583,26.666535999999997,4459
667,4,1,10,0,1,1,3,28.68,45.0004,88.0,23.9994,22
668,4,1,10,0,2,1,2,22.954554,36.453993999999994,82.5455,14.271603,1096
669,4,1,10,0,3,1,2,24.8025,39.8326,66.6667,11.166689,5566
670,4,1,11,0,4,1,2,25.194151,40.416172,58.166700000000006,10.542182,5986
671,4,1,11,0,5,1,1,24.685,39.498772,52.208299999999994,17.833725,5847
672,4,1,11,0,6,0,2,24.136651,37.373836,49.125,18.125443,5138
673,4,1,11,0,0,0,1,23.314151,37.749508,53.2917,12.000236,5107
674,4,1,11,0,1,1,1,23.000849,36.33295,49.416700000000006,15.833775000000001,5259
675,4,1,11,0,2,1,1,21.199151,34.583422,56.7083,11.625371,5686
676,4,1,11,0,3,1,2,21.904151,34.124986,54.75,20.375236,5035
677,4,1,11,0,4,1,1,24.552177999999998,38.564806000000004,33.3478,23.304945,5315
678,4,1,11,0,5,1,1,24.998349,39.457257999999996,54.0833,14.375386,5992
679,4,1,11,0,6,0,1,26.290848999999998,41.999842,64.5417,3.8756686,6536
680,4,1,11,0,0,0,1,27.779151,43.833058,65.91669999999999,8.5425,6852
681,4,1,11,1,1,0,1,30.794999999999998,47.375278,74.16669999999999,11.625639,6269
682,4,1,11,0,2,1,2,24.136651,37.33285,66.29169999999999,22.917082,4094
683,4,1,11,0,3,1,1,21.590849,34.583158,55.2083,13.374875,5495
684,4,1,11,0,4,1,2,23.118349,37.416472,62.0417,10.250129000000001,5445
685,4,1,11,0,5,1,1,24.215,38.915464,52.4583,11.458675000000001,5698
686,4,1,11,0,6,0,1,23.275,37.541278,54.541700000000006,12.041843,5629
687,4,1,11,0,0,0,1,24.0975,38.291236,69.2917,15.250004,4669
688,4,1,11,0,1,1,2,25.899151,40.790986000000004,62.3333,15.749489,5499
689,4,1,11,0,2,1,2,25.585849,41.124022,68.5,5.542575,5634
690,4,1,11,0,3,1,1,24.606651,40.082871999999995,61.375,6.917482000000001,5146
691,4,1,11,1,4,0,1,23.98,39.124486,58.0417,3.5423436,2425
692,4,1,11,0,5,1,1,25.311651,40.999414,56.875,9.917407,3910
693,4,1,11,0,6,0,1,21.081651,32.416972,40.4583,25.250357,2277
694,4,1,11,0,0,0,1,19.554150999999997,33.000478,46.8333,10.083499999999999,2424
695,4,1,11,0,1,1,1,22.726650999999997,38.374264,53.541700000000006,3.1255499999999996,5087
696,4,1,11,0,2,1,2,21.708349,34.582828,78.6667,15.916654,3959
697,4,1,11,0,3,1,1,21.943349,35.124292,50.625,14.125007,5260
698,4,1,11,0,4,1,1,21.20089,35.695852,55.565200000000004,7.739974,5323
699,4,1,11,0,5,1,1,22.021651,37.375222,64.95830000000001,3.9175436,5668
700,4,1,12,0,6,0,2,22.021651,36.915664,80.6667,4.0001814,5191
701,4,1,12,0,0,0,2,24.3325,39.707728,82.3333,8.333393000000001,4649
702,4,1,12,0,1,1,1,29.267500000000002,46.082536,76.75,5.5422936,6234
703,4,1,12,0,2,1,1,30.364151,46.957564000000005,73.375,11.666643,6606
704,4,1,12,0,3,1,1,28.601651,44.248792,48.5,21.709407,5729
705,4,1,12,0,4,1,1,20.024151,33.041464,50.875,11.708518,5375
706,4,1,12,0,5,1,2,23.079151,37.249228,76.4167,8.7502,5008
707,4,1,12,0,6,0,2,25.938349,41.707527999999996,91.125,6.792393,5582
708,4,1,12,0,0,0,2,26.055849,41.749635999999995,90.5417,10.584325,3228
709,4,1,12,0,1,1,2,28.484151,44.74795,92.5,12.750636,5170
710,4,1,12,0,2,1,2,24.606651,38.331958,59.66669999999999,19.834478999999998,5501
711,4,1,12,0,3,1,2,21.9825,35.624308,53.833299999999994,10.916779,5319
712,4,1,12,0,4,1,1,21.904151,35.416408000000004,48.5833,11.666643,5532
713,4,1,12,0,5,1,1,21.238349,35.416672000000005,64.29169999999999,8.792343,5611
714,4,1,12,0,6,0,1,23.235849,38.333278,65.0417,7.12545,5047
715,4,1,12,0,0,0,2,25.037499999999998,40.415908,83.875,6.749714,3786
716,4,1,12,0,1,1,2,26.486651,42.499,90.7083,6.583306100000001,4585
717,4,1,12,0,2,1,1,27.309151,43.040728,66.625,14.834067999999998,5557
718,4,1,12,0,3,1,1,23.6275,38.582692,62.5417,12.334164000000001,5267
719,4,1,12,0,4,1,2,23.51,38.124322,66.79169999999999,8.875021,4128
720,1,1,12,0,5,1,2,23.353349,35.916622000000004,55.666700000000006,25.083661000000003,3623
721,1,1,12,0,6,0,1,20.494151,31.583458,44.125,27.292182,1749
722,1,1,12,0,0,0,1,19.554150999999997,33.125085999999996,51.5417,8.916561,1787
723,1,1,12,0,1,1,2,18.871288,33.0874,79.1304,5.1744368000000005,920
724,1,1,12,1,2,0,2,21.691288,35.43469,73.47829999999999,11.304642,1013
725,1,1,12,0,3,1,3,19.436650999999998,30.541978,82.3333,21.208582,441
726,1,1,12,0,4,1,2,19.945849,30.958372,65.29169999999999,23.458911,2114
727,1,1,12,0,5,1,2,19.906650999999997,32.833036,59.0,10.416557,3095
728,1,1,12,0,6,0,2,19.906650999999997,31.9984,75.29169999999999,8.333661,1341
729,1,1,12,0,0,0,1,20.024151,31.2922,48.3333,23.500518,1796
730,1,1,12,0,1,1,2,18.144151,30.750142,57.75,10.374682,2729
